71,"Reitmans Department Store","1309 Carling Ave.","Westgate Shopping Centre","OTTAWA","ON",518
75,"Reitmans Department Store","2269 Riverside Dr. E","Billing Bridge Shopping Centre","OTTAWA","ON",518
78,"Reitmans Department Store","661-679 Upper James St.","Mountain Plaza","HAMILTON","ON",548
88,"Reitmans Department Store","419 King Street West, #2500","Oshawa Centre,","OSHAWA","ON",502
94,"Reitmans Department Store","900 Dufferin St.","Dufferin Mall","TORONTO","ON",537
98,"Reitmans Department Store","1349 Lasalle Blvd.","New Sudbury S.C.","SUDBURY","ON",507
106,"Reitmans Department Store","85 Ellesmere Rd.","Parkway Mall, Unit 28 A","SCARBOROUGH","ON",537
108,"Reitmans Department Store","221 Glendale Ave.","The Pen Centre, Unit 80","ST CATHARINES","ON",548
113,"Reitmans Department Store","1076 Bliss St.","Oromocto S.C.","OROMOCTO","NB",519
128,"Reitmans Department Store","979 Fennel Ave. E.","Fennell S.C.","HAMILTON","ON",548
141,"Reitmans Department Store","6455 MacLeod Trail","Chinook Centre #110","CALGARY","AB",521
144,"Reitmans Department Store","3495 Lawrence Ave. E.,","Cedarbrae Mall","SCARBOROUGH","ON",537
150,"Reitmans Department Store","250 The East Mall","Cloverdale Mall, Unit 219","ETOBICOKE","ON",501
163,"Reitmans Department Store","285 Geneva St.","Fairview Mall, Unit #E6","ST CATHARINES","ON",548
168,"Reitmans Department Store","4567 Lougheed Hwy","Brentwood Mall","BURNABY","BC",522
171,"Reitmans Department Store","45 Overlea Blvd.","East York Town Centre","TORONTO","ON",537
172,"Reitmans Department Store","302 Prince St.","Sydney S.C.","SYDNEY","NS",519
186,"Reitmans Department Store","7001 Mumford Rd.","Halifax S.C., Unit #106/107","HALIFAX","NS",519
188,"Reitmans Department Store","75 King St. S.","Waterloo Town Square Unit #35","WATERLOO","ON",548
193,"Reitmans Department Store","7652 Tecumseh Rd. E.","Tecumseh Mall","WINDSOR","ON",504
210,"Reitmans Department Store","621 Fairville Blvd.","Lancaster Mall","SAINT JOHN","NB",519
211,"Reitmans Department Store","241 Albert St.","Northgate Mall","REGINA","SK",524
216,"Reitmans Department Store","1925 Dundas St. E.","Argyle Mall","LONDON","ON",504
220,"Reitmans Department Store","1194 Guildford Town Centre","Guildford Town Centre","SURREY","BC",522
225,"Reitmans Department Store","48 Kenmount Road","Avalon Park Shopping Centre","ST. JOHN'S","NL",549
227,"Reitmans Department Store","66 Wellington St. W.","Toronto Dominion Centre","TORONTO","ON",537
228,"Reitmans Department Store","1200 St. Laurent Blvd.,","Unit #144","OTTAWA","ON",518
235,"Reitmans Department Store","777 Guelph Line","Burlington Mall","BURLINGTON","ON",548
238,"Reitmans Department Store","1100 Main Street","Highfield Square","MONCTON","NB",519
239,"Reitmans Department Store","499 Main St. S. Unit 189","Brampton Shoppers' World,","BRAMPTON","ON",501
240,"Reitmans Department Store","5201 Duke St.","Scotia Square,","HALIFAX","NS",519
241,"Reitmans Department Store","9855 Austin Road,","Lougheed Mall","BURNABY","BC",522
242,"Reitmans Department Store","2225 Erin Mills","Sheridan Mall","MISSISSAUGA","ON",501
245,"Reitmans Department Store","465 University Ave.","Belvedere Plaza","CHARLOTTETOWN","PE",519
248,"Reitmans Department Store","1530 Albion Rd.","Shopper's World Albion","ETOBICOKE","ON",501
253,"Reitmans Department Store","3100 Howard Ave.","Devonshire Mall, D7A","WINDSOR","ON",504
265,"Reitmans Department Store","300 Mystery Lake Rd., Unit 1200","City Centre Mall,","THOMPSON","MB",503
269,"Reitmans Department Store","2271 Harvey Ave.","Orchard Park Shopping Centre,","KELOWNA","BC",525
277,"Reitmans Department Store","3800 Memorial Dr. N.E.","Malborough Mall","CALGARY","AB",521
278,"Reitmans Department Store","7205 Goreway Drive","Westwood Mall","MISSISSAUGA","ON",501
279,"Reitmans Department Store","10153 King George Hwy.","Central City","SURREY","BC",522
284,"Reitmans Department Store","145 Silver Creek Parkway North,","Willow West Mall","GUELPH","ON",548
291,"Reitmans Department Store","1355 Kingston Rd. Unit 107","Pickering Town Centre,","PICKERING","ON",502
296,"Reitmans Department Store","25 Peel Centre Drive, Unit 221/222","Bramalea City Centre,","BRAMPTON","ON",501
298,"Reitmans Department Store","785 Wonderland Rd. S. Unit L5","Westmount S.C","LONDON","ON",504
343,"SMART SET","25 Peel Centre Drive, Unit 210","Bramalea City Centre,","BRAMPTON","ON",501
345,"SMART SET","300 Borough Dr. Unit #219","Scarborough Town Centre","SCARBOROUGH","ON",537
346,"SMART SET","1105 Wellington Rd. Unit #74","White Oaks Mall,","LONDON","ON",504
347,"SMART SET","509 Bayfield St.","Georgian Mall,","BARRIE","ON",507
348,"SMART SET","100 Bayshore Dr. Unit EE2-3","Bayshore Shopping Centre,","NEPEAN","ON",518
351,"SMART SET","1349 Lasalle Blvd. Unit 29B","New Sudbury S.C.","SUDBURY","ON",507
353,"SMART SET","5201 Duke St.","Scotia Square,","HALIFAX","NS",519
354,"SMART SET","21 Mic Mac Blvd.","Mic Mac Mall","DARTMOUTH","NS",519
356,"SMART SET","293 Bay St. Unit A1A/A4","Station Mall,","SAULT STE MARIE","ON",507
367,"SMART SET","2960 Kingsway Dr. Unit K5A/K6","Fairview Park Mall,","KITCHENER","ON",548
376,"SMART SET","3100 Howard Ave.,","Devonshire Mall, D7","WINDSOR","ON",504
387,"SMART SET","250 East Mall","Cloverdale Mall","ETOBICOKE","ON",501
389,"SMART SET","1200 St. Laurent Bl. Unit #141","St-Laurent S.C.","OTTAWA","ON",518
390,"SMART SET","1381 Regent St., Unit H4","Regent Mall","FREDERICTON","NB",519
401,"Reitmans Department Store","300 Borough Dr.","Scarborough Town Centre","SCARBOROUGH","ON",537
403,"Reitmans Department Store","1105 Wellington Rd. Unit #143","White Oaks Mall,","LONDON","ON",504
404,"Reitmans Department Store","100 Bayshore Dr.,","Bayshore Shopping Centre","NEPEAN","ON",518
412,"Reitmans Department Store","2300 Yonge Street","Yonge & Eglinton S.C.","TORONTO","ON",537
414,"Reitmans Department Store","21 Mic Mac Blvd., Suite 115","Mic Mac Mall,","DARTMOUTH","NS",519
422,"Reitmans Department Store","17600 Yonge Street, Unit B4","Upper Canada Mall,","NEWMARKET","ON",507
423,"Reitmans Department Store","670 University Ave.","Charlottetown Mall","CHARLOTTETOWN","PE",519
426,"Reitmans Department Store","512 Park St.","Kenora Shoppers Mall","KENORA","ON",503
430,"Reitmans Department Store","355 Hespeller Road","Cambridge Centre, Unit #204","CAMBRIDGE","ON",548
432,"Reitmans Department Store","1200 Alphonse Desjardins Blvd.","Les Galeries Chagnon","LEVIS","QC",517
435,"Reitmans Department Store","21 Cromer Avenue","Exploits Valley Mall,","GRAND FALLS-WINDSOR","NL",549
437,"Reitmans Department Store","477 Paul Street","Champlain Place","DIEPPE","NB",519
439,"Reitmans Department Store","440 King St.","King's Place","FREDERICTON","NB",519
442,"Reitmans Department Store","Queen St.","Stephenville S.C.","STEPHENVILLE","NL",549
444,"Reitmans Department Store","800 Niagara St.,","Seaway Mall, Unit K10","WELLAND","ON",548
448,"Reitmans Department Store","Sterling Mall",,"GLACE BAY","NS",519
451,"Reitmans Department Store","341-500 2nd Ave. W.","Rupert Square S.C","PRINCE RUPERT","BC",525
453,"Reitmans Department Store","312 Val D'Amour Rd., Suite #20","Sugarloaf Mall,","ATHOLVILLE","NB",519
466,"Reitmans Department Store","9256 Commercial St.","County Fair Mall","NEW MINAS","NS",519
470,"Reitmans Department Store","1500 Riverside Drive Unit #22","Timmins Square S.C.","TIMMINS","ON",507
474,"Reitmans Department Store","275 Brockville St., Units 11/12","County Fair Mall,","SMITHS FALLS","ON",518
479,"Reitmans Department Store","963 Central Ave.","Greenwood S.C","GREENWOOD","NS",519
485,"Reitmans Department Store","44 Maple Valley Rd.","Cornerbrook Plaza,","CORNER BROOK","NL",549
495,"Reitmans Department Store","500 Vanier Drive,","Labrador Mall","LABRADOR CITY","NL",549
499,"Reitmans Department Store","120 Columbus Dr.","Trinity Conception Square,","CARBONEAR","NL",549
500,"Reitmans Department Store","220 Yonge St. Unit #103","Toronto Eaton Centre,Level 1","TORONTO","ON",537
504,"Reitmans Department Store","430 Topsail Rd.","Village S.C.","ST. JOHN'S","NL",549
515,"Reitmans Department Store","4741 Lakelse Ave. Unit 316","Skeena Mall","TERRACE","BC",525
516,"Reitmans Department Store","8100 Rock Island Hwy.","Waneta Mall","TRAIL","BC",525
524,"Reitmans Department Store","19705 Fraser Hwy.","Willowbrook S.C. Unit #111","LANGLEY","BC",522
526,"Reitmans Department Store","132 Bennett Dr.","Gander S.C.","GANDER","NL",549
529,"Reitmans Department Store","1225 St.Mary's Rd. Unit #63","Vital Centre","WINNIPEG","MB",503
534,"Reitmans Department Store","800 Grand Lake Rd.,","Mayflower Mall, Unit #18","SYDNEY","NS",519
535,"Reitmans Department Store","Tamarac Dr. & Hwy.4A","Port Hawkesbury","PORT HAWKESBURY","NS",519
542,"Reitmans Department Store","134 Primrose Dr.","Lawson Heights S.C.","SASKATOON","SK",527
544,"Reitmans Department Store","935 Marine Dr.","Capilano Mall, Unit 4","NORTH VANCOUVER","BC",522
551,"Reitmans Department Store","999 Upper Wentworth St.","Limeridge Mall, Unit #151","HAMILTON","ON",548
552,"Reitmans Department Store","901 - 64th Ave. N.E.","Deerfoot Mall","CALGARY","AB",521
557,"Reitmans Department Store","2525 - 36th St. N.E.","Sunridge Mall","CALGARY","AB",521
559,"Reitmans Department Store","25-3409 rue Principale","Le Rond Point S.C.","TRACADIE-SHEILA","NB",519
561,"Reitmans Department Store","8882 170th St.West","Edmonton Mall","EDMONTON","AB",523
566,"Reitmans Department Store","69 Manitoba Dr.","Random Square S.C.","CLARENVILLE","NL",549
575,"Reitmans Department Store","150 West St.","Simcoe Town S.C. Unit RT 6-7","SIMCOE","ON",548
587,"Reitmans Department Store","11100 - 51st Avenue","Southgate S.C.","EDMONTON","AB",523
592,"Reitmans Department Store","3147 Douglas St.","Mayfair Shopping Centre","VICTORIA","BC",526
600,"Reitmans Department Store","1005 Ottawa St. N.","Stanley Park Mall","KITCHENER","ON",548
602,"Reitmans Department Store","P.O.Box 657","Peninsula Mall,","MARYSTOWN","NL",549
603,"Reitmans Department Store","159 Conception Bay Hwy.","Bay Roberts S.C.","BAY ROBERTS","NL",549
608,"Reitmans Department Store","4800 Kingsway, M1","Metropolis at Metrotown,","BURNABY","BC",522
608,"Reitmans Department Store","4800 Kingsway, M1","Metropolis at Metrotown,","BURNABY","BC",522
609,"Reitmans Department Store","9600 - 93rd Ave. Unit L126","Totem Mall","FORT ST JOHN","BC",525
609,"Reitmans Department Store","9600 - 93rd Ave. Unit L126","Totem Mall","FORT ST JOHN","BC",525
610,"Reitmans Department Store","109th Stret & Princess Eleizabeth Ave","Kingsway Garden Mall NW #281-#282","EDMONTON","AB",523
610,"Reitmans Department Store","109th Stret & Princess Eleizabeth Ave","Kingsway Garden Mall NW #281-#282","EDMONTON","AB",523
611,"Reitmans Department Store","110 Place d'Orleans Drive","Place d'Orleans, Unit #1047","ORLEANS","ON",518
611,"Reitmans Department Store","110 Place d'Orleans Drive","Place d'Orleans, Unit #1047","ORLEANS","ON",518
616,"Reitmans Department Store","250 Main St. E.","Hawkesbury Mall","HAWKESBURY","ON",518
616,"Reitmans Department Store","250 Main St. E.","Hawkesbury Mall","HAWKESBURY","ON",518
618,"Reitmans Department Store","2325 Preston Ave.","Market Mall","SASKATOON","SK",527
618,"Reitmans Department Store","2325 Preston Ave.","Market Mall","SASKATOON","SK",527
628,"Reitmans Department Store","4210 - 50th Ave.","St. Paul Shopping Centre","ST PAUL","AB",523
629,"Reitmans Department Store","475 Granville St.N.","County Fair Mall","SUMMERSIDE","PE",519
630,"Reitmans Department Store","375 Daniel St.","Arnprior Mall","ARNPRIOR","ON",518
635,"Reitmans Department Store","1919A - 8th Ave.","Humboldt Mall","HUMBOLDT","SK",527
638,"Reitmans Department Store","777 Norquay Drive, Unit 3","Southland Mall","WINKLER","MB",503
646,"Reitmans Department Store","5014 - 49th St.Unit #74","City Square Shopping Mall,","YELLOWKNIFE","NT",523
649,"Reitmans Department Store","178 PTH 12 North Unit A,","Clearspring Centre,","STEINBACH","MB",503
656,"Reitmans Department Store","900 Carmichael Lane Unit#135","Parks West Mall,","HINTON","AB",523
660,"Reitmans Department Store","133 Church St.","Antigonish Mall","ANTIGONISH","NS",519
664,"Reitmans Department Store","4802 - 51st Street Unit #10,","Valley Centre Mall","WHITECOURT","AB",523
671,"Reitmans Department Store","200 Wellington S.W.","Metro Centre Retail Concourse","TORONTO","ON",537
675,"Reitmans Department Store","King St. & Bay St., Unit #19","Commerce Court Centre,","TORONTO","ON",537
679,"Reitmans Department Store","138 Main Street","Gateway Mall","SUSSEX","NB",519
682,"Reitmans Department Store","4341 - 50th St.","Dodson Plaza","DRAYTON VALLEY","AB",523
683,"Reitmans Department Store","280 Guelph St. Unit #41/42","Georgetown Mkt Pl","GEORGETOWN","ON",548
684,"Reitmans Department Store","371A Hamilton River Rd","Goose Bay Reitmans Department Store Ctr","HAPPY VALLEY-GOOSE BAY","NL",549
685,"Reitmans Department Store","116 King St.","North Sydney Mall,","NORTH SYDNEY","NS",519
686,"Reitmans Department Store","700 Lawrence Ave. W. Unit #122","Lawrence Plaza","NORTH YORK","ON",537
694,"Reitmans Department Store","5000 Hwy. 7, Unit 413/414","Markville Shopping Centre,","MARKHAM","ON",537
695,"Reitmans Department Store","101 Signal Rd Unit #4-#5","Thickwood Shopp. Plaza","FORT MCMURRAY","AB",523
696,"Reitmans Department Store","1500 Fisher St., Unit 131","Northgate Square","NORTH BAY","ON",507
697,"Reitmans Department Store","75 Centennial Pkwy. N. unit C-07","Eastgate Square,","HAMILTON","ON",548
698,"Reitmans Department Store","352 Trunk Road","Duncan Plaza,","DUNCAN","BC",526
707,"SMART SET","477 Paul St.","Champlain Place, Unit C-010C","DIEPPE","NB",519
709,"SMART SET","109 Water St.","Waterfront Place,","SUMMERSIDE","PE",519
724,"SMART SET","48 Kenmount Road","Avalon Park Shopping Centre","ST. JOHN'S","NL",549
725,"SMART SET","390 North Front St.","Quinte Mall, Unit B5","BELLEVILLE","ON",507
727,"SMART SET","6551 No.3 Road Unit 1590A","Richmond Centre","RICHMOND","BC",522
730,"SMART SET","100 City Centre Dr. Unit #2-129","Square One S.C.,","MISSISSAUGA","ON",501
735,"SMART SET","430 Topsail Rd. Unit #34","Village S.C.,","ST. JOHN'S","NL",549
736,"SMART SET","419 King Street West, #2075","Oshawa Centre,","OSHAWA","ON",502
739,"SMART SET","519 Westmorland Rd., Unit #J-11","McAllister Place,","SAINT JOHN","NB",519
746,"SMART SET","7001 Mumford Rd. Unit 107/108","Halifax S.C.,","HALIFAX","NS",519
747,"SMART SET / Off Site","218 Yonge St.","Toronto Eaton Centre","TORONTO","ON",537
749,"SMART SET","2929 Barnet Hwy.","Coquitlam Centre","COQUITLAM","BC",522
751,"SMART SET","1 Water St. E. Unit T16A","Cornwall Square","CORNWALL","ON",518
753,"SMART SET","1225 St.Mary's Rd. Unit #11","St.Vital Centre","WINNIPEG","MB",503
754,"SMART SET","3292 Dunmore Rd. S.E.","Medicine Hat Mall","MEDICINE HAT","AB",521
760,"SMART SET","234-3147 Douglas St.","Mayfair S.C.","VICTORIA","BC",526
761,"SMART SET","1555 Regent Ave.","Kildonan Place","WINNIPEG","MB",503
763,"SMART SET","1500 Fisher St. Unit 132","Northgate Square","NORTH BAY","ON",507
764,"SMART SET","689 Westville Rd.","Highland Mall","NEW GLASGOW","NS",519
770,"SMART SET","1933 Regent St.E.","South Ridge Mall","SUDBURY","ON",507
773,"SMART SET","1485 Portage Ave.","Polo Park Shopping Centre","WINNIPEG","MB",503
774,"SMART SET","1320 Trans-Canada Hwy. Unit 108","Aberdeen Mall,","KAMLOOPS","BC",525
778,"SMART SET","2525 - 36th St. N.E.","Sunridge Mall","CALGARY","AB",521
780,"SMART SET","8882 - 170th St.N.W Unit#1077","Edmonton Mall","EDMONTON","AB",523
781,"SMART SET","6631 Island Hwy N.","Woodgrove Centre","NANAIMO","BC",526
783,"SMART SET","#238 - 9855 Austin Road,","Lougheed Mall","BURNABY","BC",522
789,"SMART SET","11100th Street & 51st Avenue","South Gate S. C.","EDMONTON","AB",523
793,"SMART SET","2271 Harvey Ave.","Orchard Park Shopping Centre","KELOWNA","BC",525
801,"SMART SET","110 Place d'Orleans Drive","Place d' Orleans","ORLEANS","ON",518
825,"SMART SET","670 University Ave.","Charlottetown S.C.","CHARLOTTETOWN","PE",519
830,"SMART SET","4800 Kingsway, Unit #F8A","Metropolis at Metrotown,","BURNABY","BC",522
831,"SMART SET","201 - 1st Ave. S. Unit T026","Midtown Plaza","SASKATOON","SK",527
834,"SMART SET","7652 Tecumseh Rd.E.","Tecumseh Mall","WINDSOR","ON",504
847,"SMART SET","1100 Pembroke St. E.","Pembroke Mall","PEMBROKE","ON",518
850,"SMART SET","935 Marine Dr., Unit 95","Capilano Mall","NORTH VANCOUVER","BC",522
855,"SMART SET","393 Portage Place","Portage Place","WINNIPEG","MB",503
856,"SMART SET","785 Wonderland Rd.S., Unit E9/10","Westmount S.C","LONDON","ON",504
869,"SMART SET","150 West St., Unit RT 28","Simcoe Town Centre","SIMCOE","ON",548
870,"SMART SET","7025 - 120th Street","Scottsdale Mall","DELTA","BC",522
871,"SMART SET","1005 Ottawa St. N.","Stanley Park Mall","KITCHENER","ON",548
873,"SMART SET","9600 - 93rd Avenue","Totem Mall","FORT ST JOHN","BC",525
876,"SMART SET","#L15 66th St.& 137th Ave.","Londonderry Mall","EDMONTON","AB",523
880,"SMART SET / Off Site","King St. & Bay St.,","Commerce Court Centre,","TORONTO","ON",537
882,"SMART SET","285 Geneva St. Unit #E8A","Fairview Mall","ST CATHARINES","ON",548
884,"SMART SET","2441 King George Hwy, Unit 47","Northumberland Square","MIRAMICHI","NB",519
888,"SMART SET","800 Grand Lake Road Unit #46","Mayflower Mall","SYDNEY","NS",519
889,"SMART SET","3401 Dufferin St.","Yorkdale S.C.","NORTH YORK","ON",537
893,"SMART SET","1680 Richmond St.N.","Masonville Place","LONDON","ON",504
894,"SMART SET","501 - 1st Ave. S.","Park Place Shopping Centre","LETHBRIDGE","AB",521
895,"SMART SET","945 Gardiners Rd. Unit #L-026A","Cataraqui Town Centre","KINGSTON","ON",518
896,"SMART SET","109 Street & Princess Elizabeth Ave.","Kingsway Garden Mall,","EDMONTON","AB",523
899,"SMART SET","900 Maple Ave. Unit #A33","Mapleview Centre,","BURLINGTON","ON",548
1001,"Reitmans Department Store","150 First St. Unit #13&14","Orangeville Mall","ORANGEVILLE","ON",507
1003,"Reitmans Department Store","200 Broadway St. Unit #B8","Tillsonburg Town Ctre","TILLSONBURG","ON",504
1004,"Reitmans Department Store","1450 Main Street S.","Dauphin Market Place Mall","DAUPHIN","MB",503
1007,"Reitmans Department Store","2850 Shaughnessy St.","Shaughnessy Sta.","PORT COQUITLAM","BC",522
1008,"Reitmans Department Store","864 Memorial Avenue",,"THUNDER BAY","ON",503
1010,"Reitmans Department Store","397 Bayfield Road, Unit #A3","Suncoast Mall,","GODERICH","ON",504
1015,"Reitmans Department Store","1416 Island Highway","Discovery Harbour S.C.","CAMPBELL RIVER","BC",526
1017,"Reitmans Department Store","11680 Steveston Hwy","Ironwood Plaza,","RICHMOND","BC",522
1018,"Reitmans Department Store","140 Mayfield Common","Mayfield Common,","EDMONTON","AB",523
1019,"Reitmans Department Store","5663 Signal Hill Centre","Signal Hill Centre","CALGARY","AB",521
1020,"Reitmans Department Store","4841 Yonge St. Unit #235","Sheppard Centre,","NORTH YORK","ON",537
1023,"Reitmans Department Store","519 Westmorland Road, Unit #C-5","McAllister Place,","SAINT JOHN","NB",519
1024,"Reitmans Department Store","194A Chain Lake Drive","First Pro Bayer's Lake P.C.","HALIFAX","NS",519
1027,"Reitmans Department Store","5111 Northland Dr.N.W.Unit #860","Northland Village Sh,","CALGARY","AB",521
1028,"Reitmans Department Store","945 Gardiners Rd., Unit #l-060","Cataraqui Town Centre,","KINGSTON","ON",518
1030,"Reitmans Department Store","32555 London Ave., Unit #334","The Junction,","MISSION","BC",522
1031,"Reitmans Department Store","3003 Danforth Ave., Unit #8","Shoppers World Danforth","EAST YORK","ON",537
1032,"Reitmans Department Store","675 Empress Street, Unit #1","Polo Festival,","WINNIPEG","MB",503
1033,"Reitmans Department Store","121 Trinity Drive, Unit 6","Wheeler Park Power Centre,","MONCTON","NB",519
1036,"Reitmans Department Store","200 Windflower Gate, Unit #600","Piazza del Sole","WOODBRIDGE","ON",501
1037,"Reitmans Department Store","# 510 - 85 Shawville Blvd. S.E.","Shawnessy Town Centre,","CALGARY","AB",521
1038,"Reitmans Department Store","#80, - 993 Fir Street","Village Market Shopping Centre","SHERWOOD PARK","AB",523
1042,"Reitmans Department Store","2501 Hyde Park Gate","Hyde Park Gate","OAKVILLE","ON",501
1043,"Reitmans Department Store","140 Kingston Road E., Unit #K3","Durham Centre","AJAX","ON",502
1044,"Reitmans Department Store","109 Fanshawe Park Road E.","Fanshawe Park Place,","LONDON","ON",504
1045,"Reitmans Department Store","4211 - 70th Avenue","Cornerstone Lloydminster,","LLOYDMINSTER","AB",523
1046,"Reitmans Department Store","#203 - 2331 - 66th Street N.W.","Mill Woods Town Centre,","EDMONTON","AB",523
1047,"Reitmans Department Store","#162 - 6800 48th Avenue","Cornerstone Power Centre,","CAMROSE","AB",523
1050,"Reitmans Department Store","1570 - 18th Street, Unit #69C","Shoppers Mall Brandon","BRANDON","MB",503
1051,"Reitmans Department Store","3803 Calgary Trail N.W.Unit #178","Southpark Centre","EDMONTON","AB",523
1052,"Reitmans Department Store","40 Great Lakes Drive, Unit #A3","Trinity Common,","BRAMPTON","ON",501
1053,"Reitmans Department Store","1585 Kenaston Blvd. Unit 2","First Pro Kenaston Place,","WINNIPEG","MB",503
1055,"Reitmans Department Store","1632-14th Ave. NW, Unit #1680","North Hill Shopping Centre,","CALGARY","AB",521
1056,"Reitmans Department Store","333 Brooksbank Ave., Suite #740","Park & Tilford Centre","NORTH VANCOUVER","BC",522
1057,"Reitmans Department Store","11 Bellerose Drive, Unit #28","Inglewood Towne Centre","ST ALBERT","AB",523
1058,"Reitmans Department Store","3091 - 152nd Street","South Point Exchange","SURREY","BC",522
1059,"Reitmans Department Store","689 Westville Rd., Unit #330","Highland Square,","NEW GLASGOW","NS",519
1061,"Reitmans Department Store","300 Eagleson Road, Unit #30/31","Hazeldean Mall","KANATA","ON",518
1062,"Reitmans Department Store","814 Warden Avenue, Unit #101","First Warden Shopping Centre","SCARBOROUGH","ON",537
1063,"Reitmans Department Store","7190 Morrison Street, Unit #4","RioCan Niagara Falls","NIAGARA FALLS","ON",548
1065,"Reitmans Department Store","2004 - 50th Avenue, Unit #177","Southpointe Common,","RED DEER","AB",521
1066,"Reitmans Department Store","1380 London Road, Unit #135","Lambton Mall","SARNIA","ON",504
1067,"Reitmans Department Store","50 Pinebush Rd., Unit #3","First Pro Cambridge Power Centre","CAMBRIDGE","ON",548
1068,"Reitmans Department Store","1055 Hillside Drive Unit #410","First Pro Hillside Centre,","KAMLOOPS","BC",525
1069,"Reitmans Department Store","420 Vansickle Road, Unit #1","First Pro Garden City Centre","ST CATHARINES","ON",548
1071,"Reitmans Department Store","354 Government Road East, Building B","First Pro TransCanada Centre","KAPUSKASING","ON",507
1072,"Reitmans Department Store","3655 Portage Avenue, Unit #1","First Pro Assiniboine,","WINNIPEG","MB",503
1073,"Reitmans Department Store","95 Aberdeen Avenue, Unit #4","First Pro Stavanger Centre","ST. JOHN'S","NL",549
1074,"Reitmans Department Store","498 Bayfield Street","First Pro Baystone Centre,","BARRIE","ON",507
1075,"Reitmans Department Store","2055 Tenth Line Road Unit #2,","Trinity Common,","ORLEANS","ON",518
1076,"Reitmans Department Store","821 Golf Links Rd","Meadowlands Power Centre","ANCASTER","ON",548
1078,"Reitmans Department Store","13534 - 137th Ave. NW","Skyview Power Centre,","EDMONTON","AB",523
1079,"Reitmans Department Store","1555 Talbot Rd., Unit #600","Windsor Crossing Premium Outlets,","WINDSOR","ON",504
1080,"Reitmans Department Store","288 Erie Street South, B3","RioCan Centre Leamington,","LEAMINGTON","ON",504
1081,"Reitmans Department Store","3175 Cliffe Avenue, Unit #105","First Pro Seaside Centre,","COURTENAY","BC",526
1082,"Reitmans Department Store","6075 Mavis Road, Unit #11","Heartland Town Centre,","MISSISSAUGA","ON",501
1083,"Reitmans Department Store","1381 Regent Street, Unit #H-002","Regent Mall,","FREDERICTON","NB",519
1084,"Reitmans Department Store","32700 South Fraser Way, Unit #55","West Oaks Mall,","ABBOTSFORD","BC",522
1085,"Reitmans Department Store","5710 - 24th Street","First Pro North Okanagan Centre,","VERNON","BC",525
1086,"Reitmans Department Store","2050 Prince of Wales Drive","First Pro East Regina Power Centre,","REGINA","SK",524
1087,"Reitmans Department Store","1900 Innes Road, Unit 30","Innes Centre,","GLOUCESTER","ON",518
1088,"Reitmans Department Store","3161 Greenbank, Unit #7","RioCan Market Place,","NEPEAN","ON",518
1089,"Reitmans Department Store","3712 Mayor Magrath Drive S.","First Pro Southbridge Centre","LETHBRIDGE","AB",521
1090,"Reitmans Department Store","10821 - 102 Avenue, Unit #7","RioCan Centre Grande Prairie,","GRANDE PRAIRIE","AB",523
1091,"Reitmans Department Store","493 Norwich Avenue, Unit 105","First Pro Woodstock Centre,","WOODSTOCK","ON",504
1092,"Reitmans Department Store","1592 Regent Ave. W.","Crossroads Station S.C.","WINNIPEG","MB",503
1095,"Reitmans Department Store","1405 Harmony Road N. RR2","First Pro Harmony Shopping Centre,","OSHAWA","ON",507
1098,"Reitmans Department Store","6631 Island Highway North","Woodgrove Centre","NANAIMO","BC",526
1099,"Reitmans Department Store","RR7 - 900 Gibsons Way, Unit 15","Sunnycrest Mall,","GIBSONS","BC",522
1101,"Reitmans Department Store","1899 Brock Road","First Pro Parkway Centre,","PICKERING","ON",507
1102,"Reitmans Department Store","2625B Weston Road Unit #10","First Pro Crossroads Centre,","NORTH YORK","ON",537
1105,"Reitmans Department Store","210 North Service Road West","Oakville Town Centre II,","OAKVILLE","ON",548
1107,"Reitmans Department Store","1927 - 99th, Street N.W.","South Edmonton Common,","EDMONTON","AB",523
1108,"Reitmans Department Store","18170 Yonge Street, RR1, Unit A4","Green Lane Centre,","NEWMARKET","ON",507
1109,"Reitmans Department Store","1363 Woodroffe Avenue, Unit D","College Square,","NEPEAN","ON",518
1110,"Reitmans Department Store","4777 - 130 Ave. S. E., Unit 14","First Pro Calgary,","CALGARY","AB",521
1111,"Reitmans Department Store","96 Campsite Road, Unit 36","First Pro Spruce Grove Centre,","SPRUCE GROVE","AB",523
1113,"Reitmans Department Store","13804 - 40th Street, Unit 5","First Pro Edmonton North East,","EDMONTON","AB",523
1114,"Reitmans Department Store","21 Merchant Drive, Unit 400","First Pro Pearl Gate Centre,","MOUNT PEARL","NL",549
1115,"Reitmans Department Store","1108C Pembroke Street East","First Pro Pembroke,","PEMBROKE","ON",518
1118,"Reitmans Department Store","173 North Queen Street,","First Pro Queens Square Centre,","ETOBICOKE","ON",501
1119,"Reitmans Department Store","114 Woodlawn Rd. Unit #8","Staples Plaza,","DARTMOUTH","NS",519
1120,"Reitmans Department Store","880 The Parkway, Unit 1","Parkway Centre,","PETERBOROUGH","ON",507
1122,"Reitmans Department Store","4515 Dundas Street, Unit #B8","First Pro Burlington Centre,","BURLINGTON","ON",548
1123,"Reitmans Department Store","795 Milner Avenue, Unit 3","First Pro Morningside Centre,","SCARBOROUGH","ON",537
1124,"Reitmans Department Store","800 - 15th Street East, Unit 520","Cornerstone Prince Albert,","PRINCE ALBERT","SK",527
1125,"Reitmans Department Store","3201 - 13th Avenue SE","Southview Centre,","MEDICINE HAT","AB",521
1126,"Reitmans Department Store","8888 Country Hills Blvd. N. W.","Royal Oak Centre,","CALGARY","AB",521
1127,"Reitmans Department Store","915 Leila Avenue, Unit 3","Garden City,","WINNIPEG","MB",503
1128,"Reitmans Department Store","201 Southbridge Drive, Unit 315","Cornerstone Okotoks,","OKOTOKS","AB",521
1129,"Reitmans Department Store","3950 Grand Park Drive, Unit F3","RioCan Grand Park,","MISSISSAUGA","ON",501
1130,"Reitmans Department Store","3625 Shaganappi Trail N.W., Unit F005C","Market Mall,","CALGARY","AB",521
1131,"Reitmans Department Store","300 King George Road, Unit 130B","Brantford Mall,","BRANTFORD","ON",548
1132,"Reitmans Department Store","90 Consumers Drive, Unit 3","First Westmorland Shopping Centre,","SAINT JOHN","NB",519
1133,"Reitmans Department Store","50 McEwan Drive East, Unit J5","First Pro Bolton,","BOLTON","ON",501
1134,"Reitmans Department Store","36 Chilkoot Way, Unit 140","Chilkoot Centre","WHITEHORSE","YT",525
1135,"Reitmans Department Store","130 Country Village Road NE, Unit 423","Coventry Hills Centre,","CALGARY","AB",521
1136,"Reitmans Department Store","2181 Steeles Ave. W, Building B","RioCan Marketplace,","NORTH YORK","ON",537
1137,"Reitmans Department Store","20202 - 66th Avenue, Unit 390","First Pro Langley","LANGLEY","BC",522
1138,"Reitmans Department Store","6007 Southbridge Avenue, Unit 105","First Pro Prince George,","PRINCE GEORGE","BC",525
1139,"Reitmans Department Store","4023 Rochdale Blvd","First Pro Regina North Centre,","REGINA","SK",524
1140,"Reitmans Department Store","8701 - 94th Street, Unit 117","Cornerstone Fort Saskatchewan,","FORT SASKATCHEWAN","AB",523
1141,"Reitmans Department Store","607 Grand Avenue West","Thames-Lea Plaza,","CHATHAM","ON",504
1142,"Reitmans Department Store","776 Sackville Drive","Downsview Plaza,","LOWER SACKVILLE","NS",519
1143,"Reitmans Department Store","7155 Kingsway, Unit 135","Highgate Village,","BURNABY","BC",522
1144,"Reitmans Department Store","370 Stone Road West, Unit 12","Stone Square Shopping Centre,","GUELPH","ON",548
1145,"Reitmans Department Store","1250 Steeles Avenue East,","Hwy 401 & James Snow Parkway,","MILTON","ON",548
1146,"Reitmans Department Store","1599 Marcus Drive, Unit 3","New Millenium Centre,","SUDBURY","ON",507
1147,"Reitmans Department Store","1400 Ottawa Street S., Unit A-6","Sunrise Shopping Centre,","KITCHENER","ON",548
1148,"Reitmans Department Store","1067 Ontario Street","Festival Market Place,","STRATFORD","ON",548
1149,"Reitmans Department Store","950 -19800 Lougheed Highway","Meadowtown Centre,","PITT MEADOWS","BC",522
1150,"Reitmans Department Store","264 Millenium Parkway, Unit 8","Belleville Wal-Mart Centre,","BELLEVILLE","ON",507
1152,"Reitmans Department Store","5309 Discovery Way","Leduc Common,","LEDUC","AB",523
1153,"Reitmans Department Store","6320 - 50th Avenue, #24","Red Deer Village,","RED DEER","AB",521
1154,"Reitmans Department Store","201 - 1st Ave. S., #22A","Midtown Plaza,","SASKATOON","SK",527
1155,"Reitmans Department Store","433 Thatcher Drive E","Thatcher Crossing,","MOOSE JAW","SK",524
1156,"Reitmans Department Store","4303 - 50th Street, Unit B","Cold Lake,","COLD LAKE","AB",523
1157,"Reitmans Department Store","2945 Jacklin Road, Unit 182","Canwest Shopping Centre,","VICTORIA","BC",526
1159,"Reitmans Department Store","99 Douglastown Blvd.","Miramichi Power Centre","MIRAMICHI","NB",519
1161,"Reitmans Department Store","1969 - 16th Street East","First Pro Owen Sound","OWEN SOUND","ON",507
1162,"Reitmans Department Store","640A O'Brien Road","RioCan Renfrew","RENFREW","ON",518
1163,"Reitmans Department Store","960 Brookdale Avenue","Brookdale Mall,","CORNWALL","ON",518
1167,"Reitmans Department Store","923 18th Street North,","Corral Centre,","BRANDON","MB",503
1169,"Reitmans Department Store","7260 Market Crossing","Marine Way Crossing,","BURNABY","BC",522
1170,"Reitmans Department Store","1500 Main Street SW","Cornerstone Slave Lake,","SLAVE LAKE","AB",523
1171,"Reitmans Department Store","1020 Manitoba Ave","Selkirk Crossing","SELKIRK","MB",503
1172,"Reitmans Department Store","930 St.Anne Street","St. Anne Street Plaza,","BATHURST","NB",519
1173,"Reitmans Department Store","20 New Pine Grove","Smart Centres Bridgewater,","BRIDGEWATER","NS",519
1174,"Reitmans Department Store","518 Great Northern Road","Great Northern Road ""Sault Centre""","SAULT STE MARIE","ON",507
1175,"Reitmans Department Store","11698 Sarcee Trail NW","Beacon Hill,","CALGARY","AB",521
1176,"Reitmans Department Store","19 Riedal Street","Clearwater Landing","FORT MCMURRAY","AB",523
1177,"Reitmans Department Store","370 Broadway East","Kingsgate Mall","VANCOUVER","BC",522
1178,"Reitmans Department Store","500 Park Royal South","Park Royal S.C.","WEST VANCOUVER","BC",522
1179,"Reitmans Department Store","7488 King George Hwy Unit 350","Kings Cross","SURREY","BC",522
1180,"Reitmans Department Store","2352 Sissons Drive #11","Royal Plains","PORTAGE LA PRAIRIE","MB",503
1181,"Reitmans Department Store","77 Hector Gate","Dartmouth Crossing","DARTMOUTH","NS",519
1183,"Reitmans Department Store","363 Kent Street W #350","Kawartha Lakes Centre","LINDSAY","ON",507
1184,"Reitmans Department Store","2929 Barnet Highway #2219","Coquitlam Centre","COQUITLAM","BC",522
1185,"Reitmans Department Store","1168 Prospect Street","Fredericton Mall","FREDERICTON","NB",519
1186,"Reitmans Department Store","12463 88th Avenue #10","Smart Centres Surrey West","SURREY","BC",522
1187,"Reitmans Department Store","2180 Rymal Road East #107","Smart Centres Hamilton SE","HANNON","ON",548
1188,"Reitmans Department Store","2388 4th Ave W",,"VANCOUVER","BC",522
1189,"Reitmans Department Store","3527 Wyecroft Road","RioCan Centre Burloak","OAKVILLE","ON",548
1190,"Reitmans Department Store","801 Victoria Street","Victoria Street Plaza","EDMUNDSTON","NB",519
1191,"Reitmans Department Store","3210 Monarch Drive, Unit 2","Westridge Place,","ORILLIA","ON",507
1192,"Reitmans Department Store","550 Terminal Avenue","Ottawa Trainyards","OTTAWA","ON",518
1193,"Reitmans Department Store","10775 Leslie Street","Elgin Mills Crossin","RICHMOND HILL","ON",537
1194,"Reitmans Department Store","560 Laval Drive","Smart Centres Oshawa South","OSHAWA","ON",507
1196,"Reitmans Department Store","20159 88th Avenue","Village Thunderbird Ctr","LANGLEY","BC",522
1197,"Reitmans Department Store","210 Cornerstone 6700-46 Street","Cornerstone Olds","OLDS","AB",521
1198,"Reitmans Department Store","15 First Commerce Drive","Smart Centres Aurora","AURORA","ON",507
1199,"Reitmans Department Store","1600-15th Ave","Parkwood Place","PRINCE GEORGE","BC",525
1200,"Reitmans Department Store","3170 Tillicum Road","Tillicum Mall","VICTORIA","BC",526
1201,"Reitmans Department Store","1946 38th Ave NW","RioCan Meadows","EDMONTON","AB",523
1202,"Reitmans Department Store","105J-100 Ranch Market","Ranch Market","STRATHMORE","AB",521
1203,"Reitmans Department Store","2015 Parkedale Avenue","Smart Centres Brockville","BROCKVILLE","ON",518
1204,"Reitmans Department Store","3011 Clarence Avenue S","Smart Centres Saskatoon","SASKATOON","SK",527
1205,"Reitmans Department Store","150 Broadway Street E","Crossroads Yorkton","YORKTON","SK",524
1206,"Reitmans Department Store","85 Damascus Road","Bedford Commons","BEDFORD","NS",519
1207,"Reitmans Department Store","140 Wade Rd","Smart Centres Truro","TRURO","NS",519
1210,"Reitmans Department Store","Smart Centres Stouffville",,"STOUFFVILLE","ON",507
1211,"Reitmans Department Store","130 Starrs Road","Starrs Road Plaza","YARMOUTH","NS",519
1212,"Reitmans Department Store","2130 Louie Drive","Westbank Power Centre","WESTBANK","BC",525
1213,"Reitmans Department Store","3019 26th Ave N.","Smart Centres Lethbridge North","LETHBRIDGE","AB",521
1214,"Reitmans Department Store","1900 Eglinton Avenue E","Smart Centres Eglinton","SCARBOROUGH","ON",537
1216,"Reitmans Department Store","Freson Centre",,"PEACE RIVER","AB",523
1217,"Reitmans Department Store","Harden Hawkesbury",,"HAWKESBURY","ON",518
2200,"RW & CO","221 Glendale Ave., Unit #49B","Pen Centre","ST CATHARINES","ON",548
2201,"RW & CO","100 Anderson Rd. SE. Unit #82","South Centre Mall","CALGARY","AB",521
2202,"RW & CO","11100 - 51st Avenue, Unit 336","Southgate S.C.,","EDMONTON","AB",523
2203,"RW & CO","1240 Guildford Town Centre","Guildford Town Centre,","SURREY","BC",522
2204,"RW & CO","3147 Douglas St., Unit #165/171","Mayfair Sh. Ctre,","VICTORIA","BC",526
2205,"RW & CO","477 Paul St., Unit #P001","Champlain Place,","DIEPPE","NB",519
2206,"RW & CO","1680 Richmond St. Unit #L129/l130A","Masonville Place,","LONDON","ON",504
2207,"RW & CO","700 West Georgia St., Unit #D8-52","Pacific Centre,","VANCOUVER","BC",522
2210,"RW & CO","1105 Wellington Rd., Unit #187/189","White Oaks Mall,","LONDON","ON",504
2211,"RW & CO","1 Promenade Circle, Unit #126","The Promenade,","THORNHILL","ON",537
2218,"RW & CO","4700 Kingsway - # 2119","Metropolis at Metrotown,","BURNABY","BC",522
2220,"RW & CO","100 City Centre Drive","Square One S.C.","MISSISSAUGA","ON",501
2221,"RW & CO","6631 Island Highway N. - #117","Woodgrove Centre,","NANAIMO","BC",526
2222,"RW & CO","3401 Dufferin St. Unit #21,","Yorkdale S.C.","NORTH YORK","ON",537
2223,"RW & CO","6455 MacLeod Trail S.Suite #106","Chinook Centre","CALGARY","AB",521
2224,"RW & CO","999 Upper Wentworth St.","Limeridge Mall","HAMILTON","ON",548
2225,"RW & CO","945 Gardiners Rd., Unit #L-26B","Cataraqui Town Centre,","KINGSTON","ON",518
2226,"RW & CO","260 Yonge St., Unit #N122","Toronto Eaton Centre,","TORONTO","ON",537
2227,"RW & CO","1800 Sheppard Ave. E., Unit #123A","Fairview Mall,","NORTH YORK","ON",537
2229,"RW & CO","2929 Barnet Highway, Unit #2822","Coquitlam Centre,","COQUITLAM","BC",522
2230,"RW & CO","50 Rideau Street, Unit #225","Rideau Centre,","OTTAWA","ON",518
2231,"RW & CO","7001 Mumford Road, Unit 148","Halifax Shopping Centre","HALIFAX","NS",519
2232,"RW & CO","300 Borough Drive, #19A","Scarborough Town Centre,","SCARBOROUGH","ON",537
2233,"RW & CO","769 Park Royal North","Park Royal Mall - North Building","WEST VANCOUVER","BC",522
2234,"RW & CO","3100 Howard Avenue","Devonshire Mall","WINDSOR","ON",504
2235,"RW & CO","900 Maple Ave.","Mapleview Centre","BURLINGTON","ON",548
2236,"RW & CO","509 Bayfield St.","Georgian Mall","BARRIE","ON",507
2238,"RW & CO","1000 Fort William Rd","Intercity Shopping Centre","THUNDER BAY","ON",503
2239,"RW & CO","9350 Yonge Street","Hillcrest Mall","RICHMOND HILL","ON",537
2241,"RW & CO","1164 Robson Street",,"VANCOUVER","BC",522
2242,"RW & CO","519 Westmorland Rd.","McAllister Place","SAINT JOHN","NB",519
2244,"RW & CO","2271 Harvey Ave., Unit 1530","Orchard Park Shopping Centre,","KELOWNA","BC",525
2247,"RW & CO","25 Peel Centre Dr #107","Bramalea City Centre,","BRAMPTON","ON",501
2248,"RW & CO","355 Hespeler Rd #248","Cambridge Centre","CAMBRIDGE","ON",548
2249,"RW & CO","435 Stone Rd W #Z9","Stone Road Mall","GUELPH","ON",548
2250,"RW & CO","5000 Highway 7 #316A","Markville Shopping Centre,","MARKHAM","ON",537
2251,"RW & CO","17600 Yonge St #E8","Upper Canada Mall","NEWMARKET","ON",507
2252,"RW & CO","5100 Erin Mills Parkway #R130","Erin Mills Town Centre","MISSISSAUGA","ON",501
2253,"RW & CO","2960 Kingsway Drive","Fairview Park Mall","KITCHENER","ON",548
2255,"RW & CO","48 Kenmount Road","Avalon Mall","ST. JOHN'S","NL",549
2256,"RW & CO","1381 Regent Street","Regent Mall","FREDERICTON","NB",519
2257,"RW & CO","2525-36th Street NE","Sunridge Mall","CALGARY","AB",521
2259,"RW & CO","16041 24th Avenue","Grandview Corners","SURREY","BC",522
2260,"RW & CO","1225 St-Mary's Rd","St-Vital Centre","WINNIPEG","MB",503
2263,"RW & CO","4900, Molly Banister Drive,","Bower Place","RED DEER","AB",521
2264,"RW & CO","109th Street & Princess elizabeth Ave","Kinsway Garden Mall","EDMONTON","AB",523
2265,"RW & CO","Crossiron Mills",,"ROCKY VIEW","AB",521
2266,"RW & CO","11801 100th ST","Prairie Mall","GRANDE PRAIRIE","AB",523
2267,"RW & CO","550 King St. North","Conestoga Mall","WATERLOO","ON",548
2268,"RW & CO","6551 No. 3 Road",,"RICHMOND","BC",522
3517,"SMART SET","240 Leighland Avenue","Oakville Place","OAKVILLE","ON",548
3523,"SMART SET","465 University Ave.","Belvedere Plaza,","CHARLOTTETOWN","PE",519
3526,"SMART SET","777 Guelph Line","Burlington Mall","BURLINGTON","ON",548
4002,"ADDITION-ELLE","477, Paul Street, C-010B","Champlain Place,","DIEPPE","NB",519
4028,"ADDITION-ELLE","999 Upper Wentworth Street","Limeridge Mall","HAMILTON","ON",548
4029,"ADDITION-ELLE / Off Site","5100, Erin Mills Parkway","Erin Mills Town Centre","MISSISSAUGA","ON",501
4036,"ADDITION-ELLE / Off Site","100, City Centre Drive, #2-214","Square One Shopping Centre","MISSISSAUGA","ON",501
4038,"ADDITION-ELLE","3100, Howard Avenue, #H-6","Devonshire Mall","WINDSOR","ON",504
4039,"ADDITION-ELLE","100, Bayshore Drive, #BB4/5","Bayshore Shopping Centre,","NEPEAN","ON",518
4041,"ADDITION-ELLE","2960, Kingsway Drive, #K1-C","Fairview Park S. C.","KITCHENER","ON",548
4045,"ADDITION-ELLE","900, Maple Avenue, #B29","Mapleview Centre,","BURLINGTON","ON",548
4047,"ADDITION-ELLE","25, Peel Centre Drive, #158","Bramalea City Centre,","BRAMPTON","ON",501
4048,"ADDITION-ELLE / Off Site","221, Glendale Avenue, #68","The Pen Centre,","ST CATHARINES","ON",548
4052,"ADDITION-ELLE / Off Site","1485, Portage Avenue, #133","Polo Park Shopping Centre,","WINNIPEG","MB",503
4053,"ADDITION-ELLE","2102, 11th Avenue, #TT16","Cornwall Centre,","REGINA","SK",524
4054,"ADDITION-ELLE / Off Site","201 - 1st Ave. S., #T3","Midtown Plaza,","SASKATOON","SK",527
4056,"ADDITION-ELLE","109th Street & Princess Elizabeth Ave","Kingsway Garden Mall","EDMONTON","AB",523
4057,"ADDITION-ELLE","6455, MacLeod Trail South, #63B/65","Chinook Centre","CALGARY","AB",521
4058,"ADDITION-ELLE / Off Site","8882 170th Street, #219","West Edmonton Mall","EDMONTON","AB",523
4059,"ADDITION-ELLE","3625, Shaganappi Trail N.W.","Market Mall","CALGARY","AB",521
4064,"ADDITION-ELLE","1644, Hillside Avenue, #71B","Hillside Centre,","VICTORIA","BC",526
4065,"ADDITION-ELLE","1373 Guildford Town Centre,","Guildford Town Centre,","SURREY","BC",522
4068,"ADDITION-ELLE","1644, Hillside Avenue, #82B","Hillside Centre,","VICTORIA","BC",526
4073,"ADDITION-ELLE / Off Site","132 Yonge Street",,"TORONTO","ON",537
4074,"ADDITION-ELLE","11801 - 100th St., Unit #290","Prairie Mall,","GRANDE PRAIRIE","AB",523
4076,"ADDITION-ELLE","1300 St. Peter Ave","Place Bathurst Mall","BATHURST","NB",519
4500,"ADDITION-ELLE","95, Aberdeen Avenue, Unit 3","First Pro Stavanger Centre,","ST. JOHN'S","NL",549
4501,"ADDITION-ELLE","90, Consumers Drive, Unit 2","First Westmorland Shopping Centre,","SAINT JOHN","NB",519
4502,"ADDITION-ELLE","212 Chain Lake Drive, Unit 5","First Pro Bayer's Lake P.C.","HALIFAX","NS",519
4516,"ADDITION-ELLE","420, Vansickle Road, Unit 5","First Pro Garden City Centre,","ST CATHARINES","ON",548
4517,"ADDITION-ELLE","140, Kingston Road East, Unit K1","Durham Centre,","AJAX","ON",507
4518,"ADDITION-ELLE","498 Bayfield St. N., Unit B2","First Pro Baystone Centre,","BARRIE","ON",507
4519,"ADDITION-ELLE","94, Fanshawe Park Road East","Richmond North Centre","LONDON","ON",504
4520,"ADDITION-ELLE","6, Lebovic Avenue, Unit 3","Eglinton Town Centre","SCARBOROUGH","ON",537
4521,"ADDITION-ELLE","180, Shirreff Avenue","Century Centre Plaza,","NORTH BAY","ON",507
4522,"ADDITION-ELLE","7575, Weston Road, Unit 115","Colossus Centre","WOODBRIDGE","ON",501
4523,"ADDITION-ELLE","5985, Rodeo Drive, No. 7","Heartland Town Centre,","MISSISSAUGA","ON",501
4524,"ADDITION-ELLE","46, Pinebush Road, Unit 3","First Pro Cambridge Power Centre","CAMBRIDGE","ON",548
4525,"ADDITION-ELLE","1555, Talbot Rd, Phase 2","Windsor Crossing Premium Outlets","WINDSOR","ON",504
4526,"ADDITION-ELLE","821, Golf links Road, Unit 6","Meadowlands Power Centre,","ANCASTER","ON",548
4527,"ADDITION-ELLE","2214, Bank Street, Unit 121","South Keys Shopping Centre,","OTTAWA","ON",518
4529,"ADDITION-ELLE","2280, City Park Drive, Unit 8","Silver City Centre,","OTTAWA","ON",518
4530,"ADDITION-ELLE","1486, LaSalle Blvd., Unit #K","LaSalle Square,","SUDBURY","ON",507
4531,"ADDITION-ELLE","40, Great Lakes Drive, Unit 101","Trinity Common,","BRAMPTON","ON",501
4532,"ADDITION-ELLE","1585, Kenaston Blvd., Unit 4","First Pro Kenaston Place,","WINNIPEG","MB",503
4533,"ADDITION-ELLE","3724 Mayor Magrath Dr. S. Bld. F","First Pro Southbridge Centre","LETHBRIDGE","AB",521
4534,"ADDITION-ELLE","500-303 Shawville Bl. S.E., Building 2C","Shawnessy Town Centre","CALGARY","AB",521
4535,"ADDITION-ELLE","2038-99th,Street N.W.","South Edmonton Common,","EDMONTON","AB",523
4536,"ADDITION-ELLE","101, Schoolhouse Street, #240","Lougheed Super Centre,","COQUITLAM","BC",522
4537,"ADDITION-ELLE","20070, Langley Bypass, Unit 30","Langley Power Centre,","LANGLEY","BC",522
4538,"ADDITION-ELLE","6631, Island Hwy N., Unit 154","Woodgrove Centre","NANAIMO","BC",526
4539,"ADDITION-ELLE","3311 - 8th Street East #2","Circle Centre Mall,","SASKATOON","SK",527
4541,"ADDITION-ELLE","1405 Harmony Road N. RR2, Unit 3","First Pro Harmony Shopping Centre,","OSHAWA","ON",507
4543,"ADDITION-ELLE","117 Trinity Drive, Unit 5","Wheeler Park Power Centre,","MONCTON","NB",519
4545,"ADDITION-ELLE","13654 - 137th Avenue N.W.","Skyview Power Centre,","EDMONTON","AB",523
4546,"ADDITION-ELLE","1363 Woodroffe Avenue, Unit E","College Square,","NEPEAN","ON",518
4547,"ADDITION-ELLE","18166 Yonge Street, RR1, Unit A9","Green Lane Centre,","NEWMARKET","ON",507
4548,"ADDITION-ELLE","3647 Portage Avenue, Unit 100","First Pro Assiniboine","WINNIPEG","MB",503
4552,"ADDITION-ELLE","1500 Banks Road, Unit 104","Central Park,","KELOWNA","BC",525
4553,"ADDITION-ELLE","5683 Signal Hill Centre S.W.","Signal Hill Centre,","CALGARY","AB",521
4554,"ADDITION-ELLE","3091 - 152nd Street, Unit #310","South Point Exchange,","SURREY","BC",522
4556,"ADDITION-ELLE","6007 Southridge Avenue, Unit 105","First Pro Prince George,","PRINCE GEORGE","BC",525
4558,"ADDITION-ELLE","322 Mayfield Common,N.W","Mayfield Common,","EDMONTON","AB",523
4559,"ADDITION-ELLE","910 -19800 Lougheed Highway","Meadowtown Centre,","PITT MEADOWS","BC",522
4560,"ADDITION-ELLE","264 Millenium Parkway, Unit 7","Belleville Wal-Mart Centre,","BELLEVILLE","ON",507
4562,"ADDITION-ELLE","4210 Innes Road","Trinity Crossing","ORLEANS","ON",518
4563,"ADDITION-ELLE","379 Main Street Unit 3C","Thunder Centre","THUNDER BAY","ON",503
4564,"ADDITION-ELLE","1592 Regent Ave. W., Unit 5","Crossroads Station Shopping Centre,","WINNIPEG","MB",503
4565,"ADDITION-ELLE","7233 -122nd Street","Strawberry Hill,","SURREY","BC",522
4566,"ADDITION-ELLE","173 North Queen Street, Unit 1","Smart Centres Queens Square,","ETOBICOKE","ON",501
4569,"ADDITION-ELLE","32700 South Fraser Way, Unit 60","West Oaks Mall,","ABBOTSFORD","BC",522
4570,"ADDITION-ELLE","2401B Millstream Road, Unit 121","Millstream Village,","VICTORIA","BC",526
4571,"ADDITION-ELLE","7302 Market Crossing, Unit 1","Marine Way Market","BURNABY","BC",522
4572,"ADDITION-ELLE","2004 50th Avenue Unit 111","Southpointe Common","RED DEER","AB",521
4573,"ADDITION-ELLE","518 Great Northern Road, Unit 4","Great Northern Road ""Sault Centre","SAULT STE MARIE","ON",507
4574,"ADDITION-ELLE","518 Lawrence Ave W #19","Lawrence Plaza","NORTH YORK","ON",537
4575,"ADDITION-ELLE","500 Park Royal S","Park Royal S.C.","WEST VANCOUVER","BC",522
4576,"ADDITION-ELLE","640 Queenstone Rd","Queenston Place","HAMILTON","ON",548
4577,"ADDITION-ELLE","30 Kenmount Rd","Avalon Mall","ST. JOHN'S","NL",549
4578,"ADDITION-ELLE","1168 Prospect Street","Fredericton Mall","FREDERICTON","NB",519
4579,"ADDITION-ELLE","445 St. Albert Road","St. Albert Square","ST ALBERT","AB",523
4580,"ADDITION-ELLE","690 Gardiners Road, Unit B6","Rio Can Centre Kingston II","KINGSTON","ON",518
4581,"ADDITION-ELLE","3527 Wyecroft Road, Unit K8","Rio Can Centre Burloak","OAKVILLE","ON",548
4582,"ADDITION-ELLE","1230 Wellington Road","Wellington Common","LONDON","ON",504
4583,"ADDITION-ELLE","560 Laval Drive","Smart Centres Oshawa South","OSHAWA","ON",507
4584,"ADDITION-ELLE","550 Terminal Avenue","Ottawa Trainyards","OTTAWA","ON",518
4585,"ADDITION-ELLE","900 Lansdowne street west unit 003","Parkway Centre","PETERBOROUGH","ON",507
4586,"ADDITION-ELLE","3105 Argentia Road","Smart Centres Westgate","MISSISSAUGA","ON",501
4587,"ADDITION-ELLE","4307-130 Ave SE","South Trail Crossing","CALGARY","AB",521
4588,"ADDITION-ELLE","11804 Sarcee Trail NW","Beacon Hill","CALGARY","AB",521
4591,"ADDITION-ELLE","2125 Riverside Drive","Timmins West Power Centre","TIMMINS","ON",507
4592,"ADDITION-ELLE","2525 36th Street NE","Sunridge Mall","CALGARY","AB",521
5102,"PENNINGTON","1921 Eglinton Ave. E.",,"SCARBOROUGH","ON",537
5104,"PENNINGTON","7670 Tecumseh Road E.","Tecumseh Mall","WINDSOR","ON",504
5107,"PENNINGTON","601 Upper Gage Avenue",,"HAMILTON","ON",548
5108,"PENNINGTON","765 Exeter Rd. Unit# 211","Crossroads Centre","LONDON","ON",504
5109,"PENNINGTON","459-473 Welland Ave.","Lincoln Mall","ST CATHARINES","ON",548
5110,"PENNINGTON","7691 Yonge Street",,"THORNHILL","ON",537
5112,"PENNINGTON","1620 Walkley Rd.","Walkley Plaza","OTTAWA","ON",518
5113,"PENNINGTON","3355 North Rd. Unit #150,","North Road Square","BURNABY","BC",522
5115,"PENNINGTON","3120 - 8th. Street East","Circle 8 Shopping Center","SASKATOON","SK",527
5116,"PENNINGTON","10408 Macleod SE Unit #125","Century Park Plaza","CALGARY","AB",521
5117,"PENNINGTON","450 Albert St. N.","North Albert Shopping Centre","REGINA","SK",524
5118,"PENNINGTON","19700 Langley Bypass # 205-209","Landmark Sq.","LANGLEY","BC",522
5119,"PENNINGTON","200 Mayfield Common N.W.",,"EDMONTON","AB",523
5120,"PENNINGTON","2121 Pembina Highway","Pembina village S.C.,","WINNIPEG","MB",503
5121,"PENNINGTON","2339 Highway 97 North, Unit 210","Dilworth Shopping Centre","KELOWNA","BC",525
5123,"PENNINGTON","1615 Regent Ave. W. N816Unit 750","Kildonan Crossing,","WINNIPEG","MB",503
5124,"PENNINGTON","3803 Calgary Trail N.W.Unit #520","Southpark Centre,","EDMONTON","AB",523
5131,"PENNINGTON","600 Hespeler Road, Unit 52B",,"CAMBRIDGE","ON",548
5134,"PENNINGTON","3080 Blanshard St.","Office Depot Centre","VICTORIA","BC",526
5135,"PENNINGTON","16-72 Hamlyn Rd.Bldg.#3,Box20","Hamlyn Road Plaza","ST. JOHN'S","NL",549
5137,"PENNINGTON","1134 Smythe St.,","Smythe Street Plaza","FREDERICTON","NB",519
5138,"PENNINGTON","155 McAllister Drive","Exhibition Square","SAINT JOHN","NB",519
5140,"PENNINGTON","3545 32nd Ave.N.E.Unit #250","London Town Square","CALGARY","AB",521
5142,"PENNINGTON","114 Woodlawn Rd. Unit #5","Staples Plaza,","DARTMOUTH","NS",519
5144,"PENNINGTON","325 Prince St.","Prince Street Plaza,","SYDNEY","NS",519
5145,"PENNINGTON","500 Notre-Dame Dr., Unit 200","Columbia Square S.C.,","KAMLOOPS","BC",525
5147,"PENNINGTON","300 Main Street","Landing at the Bend","MONCTON","NB",519
5148,"PENNINGTON","900 Lasalle Blvd Unit #E,","Centrecourt S. C.","SUDBURY","ON",507
5151,"PENNINGTON","560 King Street West, Unit 1","Island Plaza,","OSHAWA","ON",507
5152,"PENNINGTON","773 The Queensway Unit J,","Royal York Centre","ETOBICOKE","ON",501
5153,"PENNINGTON","509 Wilson Ave.","Fairway Centre","KITCHENER","ON",548
5154,"PENNINGTON","304 Dunlop St.W., Unit #9","Dunlop Village Plaza Building #1","BARRIE","ON",507
5155,"PENNINGTON","860 Memorial Avenue",,"THUNDER BAY","ON",503
5158,"PENNINGTON","830 Norwest Road Unit 2","Norwest Plaza","KINGSTON","ON",518
5160,"PENNINGTON","465 University Ave., Unit #8","Belvedere Plaza,","CHARLOTTETOWN","PE",519
5162,"PENNINGTON","2625B Weston Road","First Pro Crossroads Centre,","NORTH YORK","ON",537
5163,"PENNINGTON","905 - 1st Ave. South #206 -","Lethbridge Towne Square","LETHBRIDGE","AB",521
5164,"PENNINGTON","1600 - 15th Avenue #129,","Parkwood Place","PRINCE GEORGE","BC",525
5166,"PENNINGTON","10930-102 Avenue, Unit A-16A","RioCan Centre Grande Prairie,","GRANDE PRAIRIE","AB",523
5167,"PENNINGTON","150 West Drive Hwy 410 & 7 Unit-2C","Power Centre","BRAMPTON","ON",501
5169,"PENNINGTON","18025 Yonge Street Units #20/21","Yonge Crest Centre","NEWMARKET","ON",507
5172,"PENNINGTON","306 Northern Avenue East","K-Mart Plaza","SAULT STE MARIE","ON",507
5173,"PENNINGTON","140 - 8171 Ackroyd Road","Richport Town Centre","RICHMOND","BC",522
5176,"PENNINGTON","3155 Howard Ave., Unit #3","Round House Centre","WINDSOR","ON",504
5177,"PENNINGTON","1350-18th Street, Unit #1","Brandon Shoppers Annex","BRANDON","MB",503
5178,"PENNINGTON","1330 Ellice Avenue, Unit B",,"WINNIPEG","MB",503
5179,"PENNINGTON","264 Millenium Parway, Unit 4","Belleville Wal-Mart Centre,","BELLEVILLE","ON",507
5180,"PENNINGTON","209 Chain Lake Drive","Bayers Lake Power","HALIFAX","NS",519
5181,"PENNINGTON","1375 McPhillips St., Unit #5","Northgate Centre","WINNIPEG","MB",503
5182,"PENNINGTON","9501 Franklin Ave., Unit #120","Northern Lights S.C","FORT MCMURRAY","AB",523
5183,"PENNINGTON","6320 - 50th Ave., Unit #29","Red Deer Village","RED DEER","AB",521
5184,"PENNINGTON","1940 Strachan Road S.E., Unit 6","Cornerstone Power Centre","MEDICINE HAT","AB",521
5187,"PENNINGTON","280 Kingston Road East, Unit 5","Ajax Wal-Mart Centre","AJAX","ON",507
5188,"PENNINGTON","12101 - 72nd Avenue, Unit #127","Strawberry Hill","SURREY","BC",522
5189,"PENNINGTON","595 West C 867",,"BRANTFORD","ON",548
5190,"PENNINGTON","2748 Lougheed Hwy., Unit #300","Westwood Centre","PORT COQUITLAM","BC",522
5191,"PENNINGTON","400 Lansdowne Street East","Willowcreek Centre","PETERBOROUGH","ON",507
5192,"PENNINGTON","12222 - 137th Avenue, Unit #125","White Oaks Square","EDMONTON","AB",523
5193,"PENNINGTON","900 Dufferin St., Unit #366","Dufferin Mall","TORONTO","ON",537
5197,"PENNINGTON","200 Windflower Gate, Unit #100","Piazza del Sole","WOODBRIDGE","ON",501
5198,"PENNINGTON","5221 Highway 7 East, Suite #9","Winners Square","MARKHAM","ON",537
5199,"PENNINGTON","1737 Richmond St.","Hyland Centre","LONDON","ON",504
5200,"PENNINGTON","4429 Kingsway","Old Orchard Shopping Centre","BURNABY","BC",522
5201,"PENNINGTON","45585 Luckakuck Way #28","Cottonwood Shopping Centre","CHILLIWACK","BC",522
5203,"PENNINGTON","3630 Brentwood Rd.N.W. Unit #62","Brentwood Village Mall","CALGARY","AB",521
5204,"PENNINGTON","300 Confederation Drive, Unit #65","Confederation Mall","SASKATOON","SK",527
5206,"PENNINGTON","2501 Hyde Park Gate Unit #C1","Hyde Park Gate","OAKVILLE","ON",501
5208,"PENNINGTON","95 First Street","Fairgrounds Shopping Centre","ORANGEVILLE","ON",507
5210,"PENNINGTON","3500 Fairview St. Unit #1","Landmark Shopping Centre","BURLINGTON","ON",548
5211,"PENNINGTON","44 Maple Valley Rd., Unit #15","Cornerbrook Plaza","CORNER BROOK","NL",549
5213,"PENNINGTON","960 Brookdale Avenue, Unit T1","Brookdale Mall","CORNWALL","ON",518
5214,"PENNINGTON","955 McKeown Avenue Suite #5,","McKeown Plaza","NORTH BAY","ON",507
5215,"PENNINGTON","333 Brooksbank Ave., Suite #730","Park & Tilford Centre","NORTH VANCOUVER","BC",522
5217,"PENNINGTON","370 Stone Road West, Unit 4","Stone Square Shopping Centre","GUELPH","ON",548
5219,"PENNINGTON","993 Fir Street #79,","Village Market Shopping Centre","SHERWOOD PARK","AB",523
5224,"PENNINGTON","7190 Morrison Street, Unit #2","RioCan Niagara Falls","NIAGARA FALLS","ON",548
5226,"PENNINGTON","#326 Cornerstone, 6800 - 48th Ave","Cornerstone Power Centre,","CAMROSE","AB",523
5227,"PENNINGTON","2100 - B Willowbrook Drive","First Pro East Kootenay Centre,","CRANBROOK","BC",525
5228,"PENNINGTON","5700 - 24th Street, Unit #2","First Pro North Okanagan Centre,","VERNON","BC",525
5231,"PENNINGTON","2085 Tenth Line Rd., Unit #2","Trinity Common,","ORLEANS","ON",518
5232,"PENNINGTON","615 Grand Avenue West","Thames-Lea Plaza,","CHATHAM","ON",504
5233,"PENNINGTON","288 Erie Street South, B1","RioCan Centre Leamington,","LEAMINGTON","ON",504
5234,"PENNINGTON","6581 Aulds Road, unit #208","Metral Place Centre,","NANAIMO","BC",526
5235,"PENNINGTON","3175 Cliffe Avenue, Unit #103","First Pro Seaside Centre,","COURTENAY","BC",526
5236,"PENNINGTON","140 Wade Road","First Pro Truro Centre,","TRURO","NS",519
5237,"PENNINGTON","7010 Mumford Road, Unit #323","Halifax Shopping Centre,","HALIFAX","NS",519
5238,"PENNINGTON","32700 South Fraser Way, Unit #45","West Oaks Mall,","ABBOTSFORD","BC",522
5239,"PENNINGTON","2034 Prince of Wales Drive","First Pro East Regina Power Centre,","REGINA","SK",524
5241,"PENNINGTON","6075 Mavis Road, Unit #10","Heartland Town Centre,","MISSISSAUGA","ON",501
5243,"PENNINGTON","3275 Monarch Drive, Unit 4","Westridge Place,","ORILLIA","ON",507
5244,"PENNINGTON","4777 - 130 Ave. S. E., Unit 2","First Pro Calgary,","CALGARY","AB",521
5245,"PENNINGTON","13804 - 40th Street, Unit 1","First Pro Edmonton North East,","EDMONTON","AB",523
5248,"PENNINGTON","519 Norwich Avenue, Unit 102","First Pro Woodstock Centre,","WOODSTOCK","ON",504
5250,"PENNINGTON","80 Marketplace Avenue, Unit 1","RioCan Marketplace,","NEPEAN","ON",518
5251,"PENNINGTON","4515 Dundas Street, RR1, Unit 7","First Pro Burlington Centre,","BURLINGTON","ON",548
5252,"PENNINGTON","795 Milner Avenue, Unit 2","First Pro Morningside Centre,","SCARBOROUGH","ON",537
5253,"PENNINGTON","1969 - 16th Street East, Unit 2","First Pro Owen Sound,","OWEN SOUND","ON",507
5254,"PENNINGTON","1100 Pembroke St. E. #107","Pembroke Mall","PEMBROKE","ON",518
5255,"PENNINGTON","9275 Commercial Street, CRU 3","Commercial Street Plaza,","NEW MINAS","NS",519
5256,"PENNINGTON","1755 Pickering Parkway, Unit #D27","Pickering Home & Design,","PICKERING","ON",507
5258,"PENNINGTON","8888 Country Hills Blvd. N. W.","Royal Oak Centre","CALGARY","AB",521
5260,"PENNINGTON","800 - 15th Street East, Unit 770","Cornerstone Prince Albert,","PRINCE ALBERT","SK",527
5261,"PENNINGTON","4741 Lakelse Avenue, Unit 331","Skeena Mall,","TERRACE","BC",525
5262,"PENNINGTON","2181 Steeles Ave. W, Building B","RioCan Marketplace,","NORTH YORK","ON",537
5263,"PENNINGTON","50 McEwan Drive East, Unit J6","First Pro Bolton,","BOLTON","ON",501
5265,"PENNINGTON","1235 Main Street North, Unit 24","Town'n Country Mall,","MOOSE JAW","SK",524
5266,"PENNINGTON","277 Broadway Street East","Parkland Mall","YORKTON","SK",524
5267,"PENNINGTON","454 Granville Street","Granville Plaza","SUMMERSIDE","PE",519
5268,"PENNINGTON","1250 Steeles Avenue East,","Hwy 401 & James Snow Parkway","MILTON","ON",548
5269,"PENNINGTON","610 East River Road","Aberdeen Shopping Centre,","NEW GLASGOW","NS",519
5270,"PENNINGTON","2485 King George Highway, Unit 6","Bridgeview Plaza,","MIRAMICHI","NB",519
5271,"PENNINGTON","1432 Island Highway Unit 152","Discovery Harbour S.C.","CAMPBELL RIVER","BC",526
5272,"PENNINGTON","4223 - 75th Avenue","Cornerstone Lloydminster,","LLOYDMINSTER","AB",523
5273,"PENNINGTON","2399 Parkedale Avenue","1000 Islands Mall","BROCKVILLE","ON",518
5274,"PENNINGTON","850 Olivier Street, Unit 246","Boitano Mall,","WILLIAMS LAKE","BC",525
5275,"PENNINGTON","2945 Jacklin Road, Unit 190","Canwest Shopping Centre,","VICTORIA","BC",526
5276,"PENNINGTON","96 Campsite Road, Units 52 -55","Smart Centres Spruce Grove Centre,","SPRUCE GROVE","AB",523
5278,"PENNINGTON","421 LaHave street, unit 125","Bridgewater Mall,","BRIDGEWATER","NS",519
5279,"PENNINGTON","11402 Railway Avenue East","Frontier Mall","NORTH BATTLEFORD","SK",527
5280,"PENNINGTON","6503 - 51st Street","Tricity Mall","COLD LAKE","AB",523
5281,"PENNINGTON","110 Donna Street, Unit 2","New Millenium Centre,","SUDBURY","ON",507
5282,"PENNINGTON","363 Kent Street West, Unit 430","Kawartha Lakes Centre,","LINDSAY","ON",507
5284,"PENNINGTON","41 Roe Avenue","First Pro Gander","GANDER","NL",549
5285,"PENNINGTON","1970 Dundas Street East",,"MISSISSAUGA","ON",501
5287,"PENNINGTON","8701 - 94th Street, Unit 119","Cornerstone Fort Saskatchewan,","FORT SASKATCHEWAN","AB",523
5289,"PENNINGTON / Off Site","777 Norquay Drive, Unit 30","Southland Mall,","WINKLER","MB",503
5291,"PENNINGTON","534 Park St #1150","Kenora Shoppers Mall","KENORA","ON",503
5292,"PENNINGTON","5309 Discovery Way","Leduc Common,","LEDUC","AB",523
5293,"PENNINGTON","3100 Howard Ave #B3","Devonshire Mall","WINDSOR","ON",504
5294,"PENNINGTON","130 Starrs Road","Starrs Road Plaza","YARMOUTH","NS",519
5295,"PENNINGTON","47 Paint Street, Unit 9B","Port Hawkesbury Mall,","PORT HAWKESBURY","NS",519
5297,"PENNINGTON","130 Country Village Road NE","Coventry Hills Centre","CALGARY","AB",521
5298,"PENNINGTON","800 Niagara Street","Seaway Mall","WELLAND","ON",548
5299,"PENNINGTON","370 Broadway East","Kingsgate Mall","VANCOUVER","BC",522
5300,"PENNINGTON","82 nd Avenue And 83rd Street Unit 133","Bonnie Doon S.C","EDMONTON","AB",523
5301,"PENNINGTON","1430 Quinn Drive","Smart Centres Sarnia","SARNIA","ON",504
5302,"PENNINGTON","15285 101 Avenue # C 6","Boardwalk Plaza","SURREY","BC",522
5304,"PENNINGTON","100th Street",,"PEACE RIVER","AB",523
6701,"SMART SET","70 Pinebush Road #5","First Pro Cambridge Power Centre","CAMBRIDGE","ON",548
6702,"SMART SET","7621 Weston Road #136","Colossus Centre,","WOODBRIDGE","ON",501
6703,"SMART SET","20150 Langley Bypass #15","Langley Power Centre,","LANGLEY","BC",522
6706,"SMART SET","2031 - 99th Street N. W.","South Edmonton Common,","EDMONTON","AB",523
6707,"SMART SET","1555 Talbot Road, Unit #630","Windsor Crossing Premium Outlet,","WINDSOR","ON",504
6708,"SMART SET","288 Erie St. S., B2","RioCan Centre Leamington,","LEAMINGTON","ON",504
6709,"SMART SET","6075 Mavis Road, Unit #15","Heartland Town Centre,","MISSISSAUGA","ON",501
6710,"SMART SET","2280 City Park Drive, Unit #1B","Silver City Centre","OTTAWA","ON",518
6711,"SMART SET","420 Vansickle Road, RR3","First Pro Garden City Centre,","ST CATHARINES","ON",548
6713,"SMART SET","13662 - 137th Avenue N.W.","Skyview Power Centre,","EDMONTON","AB",523
6714,"SMART SET","169 Trinity Drive, Unit 6","Wheeler Park Power Centre,","MONCTON","NB",519
6715,"SMART SET","79 Aberdeen Avenue, Unit 1","Torbay & Stavanger,","ST. JOHN'S","NL",549
6716,"SMART SET","1899 Brock Road, Bldg. M-03","First Pro Parkway Centre","PICKERING","ON",507
6717,"SMART SET","156 Mayfield Common N.W","Mayfield Common","EDMONTON","AB",523
6720,"SMART SET","1365 Woodroffe Avenue, Unit E","College Square,","NEPEAN","ON",518
6721,"SMART SET","18166 Yonge Street, RR1, Unit A5","Green Lane Centre,","NEWMARKET","ON",507
6722,"SMART SET","1585, Kenaston Blvd., Unit 9A","First Pro Kenaston Place,","WINNIPEG","MB",503
6725,"SMART SET","1310 Fanshawe Park Road West","First Pro London North,","LONDON","ON",504
6726,"SMART SET","171 North Queen Street, Unit G4","First Pro Queens Square Centre,","ETOBICOKE","ON",501
6727,"SMART SET","210 Great Lakes Drive, Unit 1","Trinity Common,","BRAMPTON","ON",501
6735,"SMART SET","2401A Millstream Road","Millstream Village","VICTORIA","BC",526
6738,"SMART SET","4240 Innes Road","Trinity Crossing","ORLEANS","ON",518
6739,"SMART SET","67 Hector Gate","Darmouth Crossing","DARTMOUTH","NS",519
6740,"SMART SET","2180 Rymal Rd East #106","Smart Centres Hamilton SE","HANNON","ON",548
6741,"SMART SET","5997 Southridge Ave","Smart Centres Prince George","PRINCE GEORGE","BC",525
6742,"SMART SET","170 Kingston Road E., Unit 4A","Durham Centre,","AJAX","ON",507
6743,"SMART SET","1900 Eglinton Ave. E","Smart Centres Eglinton","SCARBOROUGH","ON",537
6744,"SMART SET","16041 24th Avenue Unit 50","Grandview Corners","SURREY","BC",522
6746,"SMART SET","Milton Crosroads",,"MILTON","ON",548
6747,"SMART SET","5629 Signal Hill Centre SW","Signal Hill","CALGARY","AB",521
6825,"SMART SET","11801 - 100th St. , #108","Prairie Mall","GRANDE PRAIRIE","AB",523
6830,"SMART SET","375 St.Albert Rd. Unit #203","St.Albert Shopping Centre,","ST ALBERT","AB",523
6831,"SMART SET","1000 Fort William Rd., Unit #D008","Intercity S C.,","THUNDER BAY","ON",503
6833,"SMART SET","5100 Erin Mills Pkw, Unit #R227A","Erin Mills Town Ctre,","MISSISSAUGA","ON",501
6834,"SMART SET","3625 Shaganappi Trail N.W","Market Mall","CALGARY","AB",521
6835,"SMART SET","84 Lynden Road, Unit #F-12","Lynden Park Mall,","BRANTFORD","ON",548
6837,"SMART SET","2102 - 11th Ave., Suite T36A","Cornwall Centre,","REGINA","SK",524
6838,"SMART SET","645 Lansdowne St.W., Unit #42","Lansdowne Place,","PETERBOROUGH","ON",507
6839,"SMART SET","6455 MacLeod Trail S.","Chinook Centre,","CALGARY","AB",521
6840,"SMART SET","1150 Douglas Street, Unit 105","The Bay Centre,","VICTORIA","BC",526
6845,"SMART SET","435 Stone Road West Unit #H3","Stone Road Mall,","GUELPH","ON",548
6846,"SMART SET","1570- 18th Street, Unit #97","Shoppers Mall Brandon","BRANDON","MB",503
6847,"SMART SET","3310-8th St. E., Unit #230","The Centre at Circle and Eighth,","SASKATOON","SK",527
6849,"SMART SET","4900 Molly Banister Dr.","Bower Place","RED DEER","AB",521
6851,"SMART SET","1800 Sheppard Ave. E., Unit #122B","Fairview Mall,","NORTH YORK","ON",537
6852,"SMART SET","1380 London Road, Unit #120","Lambton Mall,","SARNIA","ON",504
6853,"SMART SET","999 Upper Wentworth Street","Limeridge Mall","HAMILTON","ON",548
6857,"SMART SET","2300 Yonge Street","Yonge & Eglinton S. C.,","TORONTO","ON",537
6858,"SMART SET","1250 South Service Road, #138","Dixie Outlet Mall,","MISSISSAUGA","ON",501
6859,"SMART SET","50 Rideau Street, #230","Rideau Centre,","OTTAWA","ON",518
6863,"SMART SET","901 - 64th Avenue N.E., Unit C4","Deerfoot Outlet,","CALGARY","AB",521
6864,"SMART SET","355 Hespeller Road Unit 206","Cambridge Centre,","CAMBRIDGE","ON",548
6865,"SMART SET","221 Glendale Ave, Unit 96","Pen Centre,","ST CATHARINES","ON",548
6867,"SMART SET","2269 Riverside Dr E #167","Billings Bridge Plaza,","OTTAWA","ON",518
6868,"SMART SET / Off Site","200 Wellington Street, Unit 580","MetroCentre Retail Concourse","TORONTO","ON",537
6869,"SMART SET","312 Val D'Amour Rd #14A","Sugarloaf Mall,","ATHOLVILLE","NB",519
6870,"SMART SET","Edmonton City Centre NW Suite 212","Edmonton City Centre","EDMONTON","AB",523
6871,"SMART SET","10153 King George Highway","2248 Central City","SURREY","BC",522
6872,"SMART SET","50 Bloor Street West, Unit C24","Holt Renfrew Centre","TORONTO","ON",537
6873,"SMART SET","Crossiron Mills",,"ROCKY VIEW","AB",521
7000,"THYME MATERNITY","21, MicMac Blvd., #287","Mic Mac Mall,","DARTMOUTH","NS",519
7001,"THYME MATERNITY","300, Main Street, #D","Landing at the Bend,","MONCTON","NB",519
7021,"THYME MATERNITY","25, The West Mall, #G10","Sherway Gardens,","ETOBICOKE","ON",501
7023,"THYME MATERNITY","500, Fairway Road, Unit 12","Fairway Shopping Centre","KITCHENER","ON",548
7024,"THYME MATERNITY","100, Bayshore Drive, Unit BX7","Bayshore Shopping Centre,","NEPEAN","ON",518
7027,"THYME MATERNITY","498 Bayfield Street North,","First Pro Baystone Centre,","BARRIE","ON",507
7028,"THYME MATERNITY","1486, LaSalle Blvd, Unit #F","LaSalle Square,","SUDBURY","ON",507
7029,"THYME MATERNITY","220, Yonge Street, #C18","Toronto Eaton Centre","TORONTO","ON",537
7031,"THYME MATERNITY","999, Upper Wentworth Street, #152","Limeridge Mall,","HAMILTON","ON",548
7033,"THYME MATERNITY","1250, South Service Road, #19","Dixie Outlet Mall,","MISSISSAUGA","ON",501
7034,"THYME MATERNITY","7575, Weston Road, Unit B114A","Colossus Centre","WOODBRIDGE","ON",501
7035,"THYME MATERNITY","100, City Centre Drive, #2-110","Square One Shopping Centre,","MISSISSAUGA","ON",501
7036,"THYME MATERNITY","808, Warden Avenue, Unit 2","First Warden Shopping Centre,","SCARBOROUGH","ON",537
7037,"THYME MATERNITY","17600, Yonge Street, #E1","Upper Canada Mall,","NEWMARKET","ON",507
7039,"THYME MATERNITY","5000, Highway 7 East, #423A","Markville Shopping Centre,","MARKHAM","ON",537
7041,"THYME MATERNITY","25, Peel Centre Drive, #156","Bramalea City Centre,","BRAMPTON","ON",501
7043,"THYME MATERNITY","1105, Wellington Road, #417","White Oaks Mall,","LONDON","ON",504
7044,"THYME MATERNITY","420, Vansikle Road, Unit 6","First Pro Garden City Centre,","ST CATHARINES","ON",548
7045,"THYME MATERNITY","5100, Erin Mills Parkway, #B-231","Erin Mills Town Centre","MISSISSAUGA","ON",501
7046,"THYME MATERNITY","3401, Dufferin Street, #248","Yorkdale Shopping Centre,","NORTH YORK","ON",537
7048,"THYME MATERNITY","1555, Talbot Road, Unit 170","Windsor Crossing Premium Outlets,","WINDSOR","ON",504
7049,"THYME MATERNITY","1485, Portage Avenue, #244","Polo Park Shopping Centre,","WINNIPEG","MB",503
7050,"THYME MATERNITY","1225, St. Mary's Road, #63","St. Vital Centre,","WINNIPEG","MB",503
7053,"THYME MATERNITY","3625, Shaganappi Trail N.W., #R030","Market Mall,","CALGARY","AB",521
7054,"THYME MATERNITY","6455, MacLeod Trail S., #66","Chinook Centre ,","CALGARY","AB",521
7055,"THYME MATERNITY","109 Street & Princess Elizabeth Ave","Kingsway Garden Mall,","EDMONTON","AB",523
7057,"THYME MATERNITY","8882, 170th Street, N.W","West Edmonton Mall,","EDMONTON","AB",523
7059,"THYME MATERNITY","2015- 99th Street N.W.","South Edmonton Common,","EDMONTON","AB",523
7062,"THYME MATERNITY","101 Schoolhouse Street, #240","Lougheed Super Centre,","COQUITLAM","BC",522
7063,"THYME MATERNITY","4700, Kingsway, #2305","Metropolis at Metrotown,","BURNABY","BC",522
7065,"THYME MATERNITY","1150 Douglas St., Unit 222","The Bay Centre,","VICTORIA","BC",526
7067,"THYME MATERNITY","5474 Signal Hill Centre S.W.","Signal Hill Centre","CALGARY","AB",521
7068,"THYME MATERNITY","1900 Innes Road, Unit 50B","Innes Centre,","GLOUCESTER","ON",518
7069,"THYME MATERNITY","32700 South Fraser Way, Unit #64","West Oaks Mall,","ABBOTSFORD","BC",522
7070,"THYME MATERNITY","3311 - 8th Street East #2","Circle Centre Mall,","SASKATOON","SK",527
7071,"THYME MATERNITY","2054 Prince of Wales Drive","Smart Centres East Regina P.C.","REGINA","SK",524
7072,"THYME MATERNITY","1899 Brock Road, Bldg. M-02","First Pro Parkway Centre","PICKERING","ON",507
7075,"THYME MATERNITY","13658 - 137th Avenue N.W.","Skyview Power Centre,","EDMONTON","AB",523
7076,"THYME MATERNITY","11720 Steveston Highway #165",,"RICHMOND","BC",522
7078,"THYME MATERNITY","80 Marketplace Avenue, Unit 9","RioCan Marketplace,","NEPEAN","ON",518
7081,"THYME MATERNITY","2119 - 4th Avenue West",,"VANCOUVER","BC",522
7082,"THYME MATERNITY","20070 Langley Bypass #15","Langley Power Centre,","LANGLEY","BC",522
7083,"THYME MATERNITY","500-303 Shawville Bl. S.E. Bldg. 2C","Shawnessy Town Centre","CALGARY","AB",521
7084,"THYME MATERNITY","501 - 1st Ave. S., Unit A20","Park Place Shopping Centre,","LETHBRIDGE","AB",521
7086,"THYME MATERNITY","770 Gardiners Road","RioCan Centre Kingston II","KINGSTON","ON",518
7087,"THYME MATERNITY","500 Notre-Dame Dr., Unit 220","Columbia Sq. S.C","KAMLOOPS","BC",525
7089,"THYME MATERNITY","1965 Hyde Park Road","Smart Centres London North","LONDON","ON",504
7092,"THYME MATERNITY","11698 Sarcee Trail NW","Beacon Hill","CALGARY","AB",521
7093,"THYME MATERNITY","6631 Island Hwy N #15A","Woodgrove Centre","NANAIMO","BC",526
7094,"THYME MATERNITY","201 Chain Lake Dr #20","Chain Lake Plaza","HALIFAX","NS",519
7096,"THYME MATERNITY","3527 Wyecroft Road","Rio Can Centre Burloak","OAKVILLE","ON",548
7097,"THYME MATERNITY","550 Terminal Avenue","Ottawa Trainyards","OTTAWA","ON",518
7098,"THYME MATERNITY","5885 Rodeo Drive","Hearland Town Centre","MISSISSAUGA","ON",501
7099,"THYME MATERNITY","1 Place Ville Marie","Place Ville Marie","MONTREAL","QC",516
7100,"THYME MATERNITY","10940 102 Ave","Rio Can Centre Grande Priairie","GRANDE PRAIRIE","AB",523
7101,"THYME MATERNITY","435 Stone Road W","Stone Road Mall","GUELPH","ON",548
7102,"THYME MATERNITY","911 Taunton Road East RR2 Unit B6","Smart Centres Oshawa North","OSHAWA","ON",507
7103,"THYME MATERNITY","4900 Molly Banister Dr.","Bower Place","RED DEER","AB",521
7300,"CASSIS","355 Hespeller Road","Cambridge Centre","CAMBRIDGE","ON",548
7301,"CASSIS","9350 Yonge Street","Hillcrest Mall","RICHMOND HILL","ON",537
7302,"CASSIS","509 Bayfield Street, Unit A2","Georgian Mall","BARRIE","ON",507
7304,"CASSIS","25, The West Mall","Sherway Gardens","ETOBICOKE","ON",501
7305,"CASSIS","945, Gardiners Road","Cataraqui Town Centre","KINGSTON","ON",518
7306,"CASSIS","5100, Erin Mills Parkway","Erin Mills Town Centre","MISSISSAUGA","ON",501
7311,"CASSIS","999 Upper Wentworth St.","Limeridge Mall","HAMILTON","ON",548
7312,"CASSIS","477 Paul St #H006","Champlain Place","DIEPPE","NB",519
7313,"CASSIS","5000 Highway 7 #16A","Markville Shopping Centre","MARKHAM","ON",537
